{
    "metadata":{
        "type":"Geometry",
        "uvs":0,
        "vertices":120,
        "normals":33,
        "faces":60,
        "generator":"io_three",
        "version":3
    },
    "uvs":[],
    "vertices":[8.9e-05,0.248384,-1.50544,-0.154074,0.248384,-1.49737,-0.306548,0.248384,-1.47322,-0.455663,0.248384,-1.43326,-0.599784,0.248384,-1.37794,-0.737333,0.248384,-1.30785,-0.866802,0.248384,-1.22378,-0.986774,0.248384,-1.12662,-1.09593,0.248384,-1.01746,-1.19308,0.248384,-0.897493,-1.27716,0.248384,-0.768023,-1.34725,0.248384,-0.630474,-1.40257,0.248384,-0.486353,-1.44253,0.248384,-0.337239,-1.46667,0.248384,-0.184765,-1.47475,0.248384,-0.030602,-1.46667,0.248384,0.123561,-1.44253,0.248384,0.276035,-1.40257,0.248384,0.42515,-1.34725,0.248384,0.569271,-1.27716,0.248384,0.70682,-1.19308,0.248384,0.836289,-1.09593,0.248384,0.956261,-0.986774,0.248384,1.06542,-0.866803,0.248384,1.16257,-0.737334,0.248384,1.24665,-0.599785,0.248384,1.31673,-0.455664,0.248384,1.37206,-0.30655,0.248384,1.41201,-0.154076,0.248384,1.43616,8.7e-05,0.248384,1.44424,0.15425,0.248384,1.43616,0.306724,0.248384,1.41201,0.455838,0.248384,1.37206,0.599959,0.248384,1.31673,0.737508,0.248384,1.24665,0.866978,0.248384,1.16257,0.986949,0.248384,1.06542,1.09611,0.248384,0.956263,1.19326,0.248384,0.836292,1.27734,0.248384,0.706823,1.34742,0.248384,0.569274,1.40275,0.248384,0.425153,1.4427,0.248384,0.276039,1.46685,0.248384,0.123565,1.47493,0.248384,-0.030598,1.46685,0.248384,-0.184761,1.4427,0.248384,-0.337234,1.40275,0.248384,-0.486349,1.34743,0.248384,-0.63047,1.27734,0.248384,-0.768019,1.19327,0.248384,-0.897489,1.09611,0.248384,-1.01746,0.986955,0.248384,-1.12662,0.866984,0.248384,-1.22377,0.737515,0.248384,-1.30785,0.599967,0.248384,-1.37794,0.455846,0.248384,-1.43326,0.306732,0.248384,-1.47321,0.154258,0.248384,-1.49737,8.9e-05,0.248384,-1.12938,-0.114765,0.248384,-1.12336,-0.22836,0.248384,-1.10537,-0.339452,0.248384,-1.0756,-0.446824,0.248384,-1.03438,-0.5493,0.248384,-0.98217,-0.645756,0.248384,-0.919531,-0.735136,0.248384,-0.847152,-0.816462,0.248384,-0.765827,-0.88884,0.248384,-0.676446,-0.95148,0.248384,-0.57999,-1.00369,0.248384,-0.477514,-1.04491,0.248384,-0.370142,-1.07468,0.248384,-0.25905,-1.09267,0.248384,-0.145455,-1.09869,0.248384,-0.030601,-1.09267,0.248384,0.084252,-1.07468,0.248384,0.197847,-1.04491,0.248384,0.308939,-1.00369,0.248384,0.416311,-0.95148,0.248384,0.518787,-0.88884,0.248384,0.615243,-0.816462,0.248384,0.704624,-0.735137,0.248384,0.785949,-0.645756,0.248384,0.858327,-0.5493,0.248384,0.920967,-0.446825,0.248384,0.973181,-0.339453,0.248384,1.0144,-0.228361,0.248384,1.04416,-0.114766,0.248384,1.06216,8.8e-05,0.248384,1.06818,0.114941,0.248384,1.06216,0.228536,0.248384,1.04417,0.339628,0.248384,1.0144,0.447,0.248384,0.973182,0.549475,0.248384,0.920968,0.645932,0.248384,0.858329,0.735312,0.248384,0.78595,0.816638,0.248384,0.704625,0.889016,0.248384,0.615245,0.951656,0.248384,0.518789,1.00387,0.248384,0.416314,1.04509,0.248384,0.308942,1.07485,0.248384,0.19785,1.09285,0.248384,0.084255,1.09887,0.248384,-0.030598,1.09285,0.248384,-0.145452,1.07485,0.248384,-0.259047,1.04509,0.248384,-0.370139,1.00387,0.248384,-0.477511,0.951659,0.248384,-0.579987,0.88902,0.248384,-0.676443,0.816642,0.248384,-0.765824,0.735317,0.248384,-0.847149,0.645937,0.248384,-0.919528,0.549481,0.248384,-0.982168,0.447006,0.248384,-1.03438,0.339634,0.248384,-1.0756,0.228542,0.248384,-1.10537,0.114947,0.248384,-1.12336],
    "normals":[0,1,0,-0,1,-0,-0,1,-0,-0,1,-0,0,1,-0,0,1,-0,0,1,-0,-0,1,-0,-0,1,-0,-0,1,0,0,1,-0,0,1,-0,0,1,-0,0,1,-0,-0,1,-0,-0,1,-0,-0,1,-0,0,1,0,-0,1,-0,0,1,-0,0,1,-0,-0,1,-0,0,1,-0,-0,1,-0,-0,1,-0,0,1,-0,0,1,-0,-0,1,0,0,1,-0,-0,1,-0,0,1,-0,0,1,-0,-0,1,-0],
    "faces":[33,47,107,106,46,0,0,0,0,33,21,81,80,20,1,1,1,1,33,48,108,107,47,2,2,2,2,33,22,82,81,21,1,1,1,1,33,49,109,108,48,0,0,0,0,33,23,83,82,22,3,3,3,3,33,50,110,109,49,0,0,0,0,33,24,84,83,23,4,4,4,4,33,51,111,110,50,0,0,0,0,33,25,85,84,24,5,5,5,5,33,52,112,111,51,0,0,0,0,33,26,86,85,25,6,6,6,6,33,53,113,112,52,7,7,7,7,33,27,87,86,26,8,8,8,8,33,60,0,1,61,9,9,9,9,33,54,114,113,53,10,10,10,10,33,28,88,87,27,9,9,9,9,33,2,62,61,1,0,0,0,0,33,55,115,114,54,11,11,11,11,33,29,89,88,28,9,9,9,9,33,3,63,62,2,0,0,0,0,33,56,116,115,55,12,12,12,12,33,30,90,89,29,9,9,9,9,33,4,64,63,3,13,13,13,13,33,57,117,116,56,14,14,14,14,33,31,91,90,30,9,9,9,9,33,5,65,64,4,15,15,15,15,33,58,118,117,57,0,0,0,0,33,32,92,91,31,9,9,9,9,33,6,66,65,5,16,16,16,16,33,59,119,118,58,17,17,17,17,33,33,93,92,32,9,9,9,9,33,7,67,66,6,18,18,18,18,33,0,60,119,59,0,0,0,0,33,34,94,93,33,19,19,19,19,33,8,68,67,7,20,20,20,20,33,35,95,94,34,21,21,21,21,33,9,69,68,8,22,22,22,22,33,36,96,95,35,23,23,23,23,33,10,70,69,9,22,22,22,22,33,37,97,96,36,24,24,24,24,33,11,71,70,10,22,22,22,22,33,38,98,97,37,25,25,25,25,33,12,72,71,11,22,22,22,22,33,39,99,98,38,9,9,9,9,33,13,73,72,12,26,26,26,26,33,40,100,99,39,27,27,27,27,33,14,74,73,13,22,22,22,22,33,41,101,100,40,9,9,9,9,33,15,75,74,14,22,22,22,22,33,42,102,101,41,28,28,28,28,33,16,76,75,15,22,22,22,22,33,43,103,102,42,29,29,29,29,33,17,77,76,16,30,30,30,30,33,44,104,103,43,0,0,0,0,33,18,78,77,17,31,31,31,31,33,45,105,104,44,0,0,0,0,33,19,79,78,18,32,32,32,32,33,46,106,105,45,0,0,0,0,33,20,80,79,19,1,1,1,1]
}